symbol,variety,exchange,interval,interval_label,status,coverage_full,coverage_start,coverage_end,provider_start,provider_end,actual_start,actual_end,bar_count,golden_crosses,death_crosses,ice_points,sig_long,sig_short,resonance_long,resonance_short
A0,豆一,大商所,120m,120分钟,ok,True,True,True,2025-03-06 11:15:00,2026-08-03 23:00:00,2026-01-05 11:15:00,2026-07-31 23:00:00,413,25,26,13,0,0,0,0
A0,豆一,大商所,30m,30分钟,ok,False,False,True,2026-03-27 22:00:00,2026-08-03 23:00:00,2026-03-27 22:00:00,2026-07-31 23:00:00,1011,61,61,32,0,0,0,0
A0,豆一,大商所,60m,60分钟,ok,True,True,True,2025-11-17 23:00:00,2026-08-03 23:00:00,2026-01-05 10:00:00,2026-07-31 23:00:00,826,53,53,30,1,0,1,0
A0,豆一,大商所,90m,90分钟,ok,True,True,True,2025-07-14 10:00:00,2026-08-04 10:00:00,2026-01-05 10:00:00,2026-07-31 22:30:00,552,39,40,24,1,0,0,0
A0,豆一,大商所,daily,日线,ok,True,True,True,2005-01-04,2026-08-03,2026-01-05,2026-07-31,139,7,8,5,0,0,0,0
AD0,铸造铝合金,上期所,120m,120分钟,ok,True,True,True,2025-07-26 01:00:00,2026-08-03 23:00:00,2026-01-05 11:15:00,2026-07-31 23:00:00,572,43,43,23,0,1,0,0
AD0,铸造铝合金,上期所,30m,30分钟,ok,False,False,True,2026-04-29 00:30:00,2026-08-03 23:00:00,2026-04-29 00:30:00,2026-07-31 23:30:00,1008,59,58,25,0,0,0,0
AD0,铸造铝合金,上期所,60m,60分钟,ok,False,False,True,2026-01-19 10:00:00,2026-08-03 23:00:00,2026-01-19 10:00:00,2026-07-31 23:00:00,1015,70,70,29,3,0,2,0
AD0,铸造铝合金,上期所,90m,90分钟,ok,True,True,True,2025-11-25 00:00:00,2026-08-04 00:00:00,2026-01-05 09:30:00,2026-07-31 22:30:00,849,57,57,22,0,0,0,0
AD0,铸造铝合金,上期所,daily,日线,ok,True,True,True,2025-06-10,2026-08-03,2026-01-05,2026-07-31,139,11,11,8,0,1,0,0
AG0,白银,上期所,120m,120分钟,ok,True,True,True,2025-10-20 01:00:00,2026-08-03 23:00:00,2026-01-05 09:30:00,2026-07-31 23:00:00,734,39,39,18,0,0,0,0
AG0,白银,上期所,30m,30分钟,ok,False,False,True,2026-05-18 15:00:00,2026-08-03 23:00:00,2026-05-18 15:00:00,2026-07-31 23:30:00,1005,40,40,17,1,1,0,0
AG0,白银,上期所,60m,60分钟,ok,False,False,True,2026-03-06 01:00:00,2026-08-03 23:00:00,2026-03-06 01:00:00,2026-07-31 23:00:00,1012,46,47,20,1,1,0,0
AG0,白银,上期所,90m,90分钟,ok,True,True,True,2025-12-25 14:45:00,2026-08-04 00:00:00,2026-01-05 09:30:00,2026-07-31 22:30:00,983,44,44,12,1,0,0,0
AG0,白银,上期所,daily,日线,ok,True,True,True,2012-05-10,2026-08-03,2026-01-05,2026-07-31,139,8,9,6,0,0,0,0
AL0,沪铝,上期所,120m,120分钟,ok,True,True,True,2025-07-29 15:00:00,2026-08-03 23:00:00,2026-01-05 11:15:00,2026-07-31 23:00:00,575,37,37,14,0,1,0,0
AL0,沪铝,上期所,30m,30分钟,ok,False,False,True,2026-04-29 00:30:00,2026-08-03 23:00:00,2026-04-29 00:30:00,2026-07-31 23:30:00,1008,51,51,20,0,1,0,0
AL0,沪铝,上期所,60m,60分钟,ok,False,False,True,2026-01-19 11:15:00,2026-08-03 23:00:00,2026-01-19 11:15:00,2026-07-31 23:00:00,1015,58,58,20,1,0,1,0
AL0,沪铝,上期所,90m,90分钟,ok,True,True,True,2025-11-25 00:00:00,2026-08-04 00:00:00,2026-01-05 09:30:00,2026-07-31 22:30:00,849,49,49,17,0,1,0,0
AL0,沪铝,上期所,daily,日线,ok,True,True,True,2005-01-04,2026-08-03,2026-01-05,2026-07-31,139,7,7,4,0,0,0,0
AO0,氧化铝,上期所,120m,120分钟,ok,True,True,True,2025-07-30 11:15:00,2026-08-03 23:00:00,2026-01-05 11:15:00,2026-07-31 23:00:00,575,32,33,14,0,1,0,1
AO0,氧化铝,上期所,30m,30分钟,ok,False,False,True,2026-04-29 01:00:00,2026-08-03 23:00:00,2026-04-29 01:00:00,2026-07-31 23:30:00,1008,62,61,31,0,1,0,0
AO0,氧化铝,上期所,60m,60分钟,ok,False,False,True,2026-01-19 11:15:00,2026-08-03 23:00:00,2026-01-19 11:15:00,2026-07-31 23:00:00,1015,55,55,23,2,0,2,0
AO0,氧化铝,上期所,90m,90分钟,ok,True,True,True,2025-11-25 00:00:00,2026-08-04 00:00:00,2026-01-05 09:30:00,2026-07-31 22:30:00,849,43,44,17,0,3,0,0
AO0,氧化铝,上期所,daily,日线,ok,True,True,True,2023-06-19,2026-08-03,2026-01-05,2026-07-31,139,7,8,2,0,0,0,0
AP0,苹果,郑商所,120m,120分钟,ok,True,True,True,2024-06-25 11:15:00,2026-08-03 15:00:00,2026-01-05 11:15:00,2026-07-31 15:00:00,278,17,16,6,0,0,0,0
AP0,苹果,郑商所,30m,30分钟,ok,False,False,True,2026-01-21 10:00:00,2026-08-03 15:00:00,2026-01-21 10:00:00,2026-07-31 15:00:00,1015,56,56,27,2,1,2,1
AP0,苹果,郑商所,60m,60分钟,ok,True,True,True,2025-07-15 11:15:00,2026-08-03 15:00:00,2026-01-05 10:00:00,2026-07-31 15:00:00,556,32,31,15,1,0,0,0
AP0,苹果,郑商所,90m,90分钟,ok,True,True,True,2025-03-11 10:45:00,2026-08-03 15:00:00,2026-01-05 10:45:00,2026-07-31 15:00:00,417,24,23,10,1,0,1,0
AP0,苹果,郑商所,daily,日线,ok,True,True,True,2017-12-22,2026-08-03,2026-01-05,2026-07-31,139,12,11,6,0,1,0,0
AU0,黄金,上期所,120m,120分钟,ok,True,True,True,2025-10-20 01:00:00,2026-08-03 23:00:00,2026-01-05 09:30:00,2026-07-31 23:00:00,734,43,43,21,1,2,0,1
AU0,黄金,上期所,30m,30分钟,ok,False,False,True,2026-05-18 13:45:00,2026-08-03 23:00:00,2026-05-18 13:45:00,2026-07-31 23:30:00,1005,40,40,16,3,0,2,0
AU0,黄金,上期所,60m,60分钟,ok,False,False,True,2026-03-06 01:00:00,2026-08-03 23:00:00,2026-03-06 01:00:00,2026-07-31 23:00:00,1012,51,52,24,0,0,0,0
AU0,黄金,上期所,90m,90分钟,ok,True,True,True,2025-12-25 14:45:00,2026-08-04 00:00:00,2026-01-05 09:30:00,2026-07-31 22:30:00,983,59,59,33,1,1,0,0
AU0,黄金,上期所,daily,日线,ok,True,True,True,2008-01-09,2026-08-03,2026-01-05,2026-07-31,139,8,8,4,0,0,0,0
B0,豆二,大商所,120m,120分钟,ok,True,True,True,2025-03-06 11:15:00,2026-08-03 23:00:00,2026-01-05 11:15:00,2026-07-31 23:00:00,413,19,19,6,1,0,0,0
B0,豆二,大商所,30m,30分钟,ok,False,False,True,2026-03-27 22:00:00,2026-08-03 23:00:00,2026-03-27 22:00:00,2026-07-31 23:00:00,1011,62,62,36,1,1,0,0
B0,豆二,大商所,60m,60分钟,ok,True,True,True,2025-11-17 23:00:00,2026-08-03 23:00:00,2026-01-05 10:00:00,2026-07-31 23:00:00,826,50,50,24,3,0,2,0
B0,豆二,大商所,90m,90分钟,ok,True,True,True,2025-07-14 10:00:00,2026-08-04 10:00:00,2026-01-05 10:00:00,2026-07-31 22:30:00,552,25,25,9,2,1,0,0
B0,豆二,大商所,daily,日线,ok,True,True,True,2007-08-27,2026-08-03,2026-01-05,2026-07-31,139,7,7,3,1,0,1,0
BB0,胶合板,大商所,120m,120分钟,ok,True,True,True,2020-02-28 15:00:00,2026-08-03 15:00:00,2026-01-05 11:15:00,2026-06-02 15:00:00,60,2,3,1,0,0,0,0
BB0,胶合板,大商所,30m,30分钟,ok,True,True,True,2025-04-30 09:30:00,2026-08-03 15:00:00,2026-01-05 10:45:00,2026-06-02 15:00:00,180,8,8,3,0,0,0,0
BB0,胶合板,大商所,60m,60分钟,ok,True,True,True,2024-05-28 11:15:00,2026-08-03 15:00:00,2026-01-05 11:15:00,2026-06-02 15:00:00,104,6,7,4,0,0,0,0
BB0,胶合板,大商所,90m,90分钟,ok,True,True,True,2024-05-08 10:45:00,2026-08-03 15:00:00,2026-01-05 10:45:00,2026-06-02 15:00:00,87,4,5,3,0,0,0,0
BB0,胶合板,大商所,daily,日线,ok,True,True,True,2013-12-06,2026-08-03,2026-01-05,2026-06-02,39,2,3,1,0,0,0,0
BC0,国际铜,能源中心,120m,120分钟,ok,True,True,True,2025-07-29 11:15:00,2026-08-03 23:00:00,2026-01-05 11:15:00,2026-07-31 23:00:00,573,35,34,11,0,0,0,0
BC0,国际铜,能源中心,30m,30分钟,ok,False,False,True,2026-04-29 00:00:00,2026-08-03 23:00:00,2026-04-29 00:00:00,2026-07-31 23:30:00,1008,53,53,20,0,0,0,0
BC0,国际铜,能源中心,60m,60分钟,ok,False,False,True,2026-01-19 11:15:00,2026-08-03 23:00:00,2026-01-19 11:15:00,2026-07-31 23:00:00,1015,68,68,34,2,1,0,0
BC0,国际铜,能源中心,90m,90分钟,ok,True,True,True,2025-11-25 00:00:00,2026-08-04 00:00:00,2026-01-05 09:30:00,2026-07-31 22:30:00,849,50,49,19,0,0,0,0
BC0,国际铜,能源中心,daily,日线,ok,True,True,True,2020-11-19,2026-08-03,2026-01-05,2026-07-31,139,10,10,5,0,0,0,0
BR0,丁二烯橡胶,上期所,120m,120分钟,ok,True,True,True,2025-03-06 11:15:00,2026-08-03 23:00:00,2026-01-05 11:15:00,2026-07-31 23:00:00,413,25,26,14,0,0,0,0
BR0,丁二烯橡胶,上期所,30m,30分钟,ok,False,False,True,2026-03-27 22:00:00,2026-08-03 23:00:00,2026-03-27 22:00:00,2026-07-31 23:00:00,1011,58,57,29,1,1,0,0
BR0,丁二烯橡胶,上期所,60m,60分钟,ok,True,True,True,2025-11-17 23:00:00,2026-08-03 23:00:00,2026-01-05 10:00:00,2026-07-31 23:00:00,826,48,47,21,0,0,0,0
BR0,丁二烯橡胶,上期所,90m,90分钟,ok,True,True,True,2025-07-14 10:00:00,2026-08-04 10:00:00,2026-01-05 10:00:00,2026-07-31 22:30:00,552,28,29,9,0,0,0,0
BR0,丁二烯橡胶,上期所,daily,日线,ok,True,True,True,2023-07-28,2026-08-03,2026-01-05,2026-07-31,139,7,8,4,0,1,0,1
BU0,沥青,上期所,120m,120分钟,ok,True,True,True,2025-03-06 11:15:00,2026-08-03 23:00:00,2026-01-05 11:15:00,2026-07-31 23:00:00,413,28,28,15,0,1,0,0
BU0,沥青,上期所,30m,30分钟,ok,False,False,True,2026-03-27 22:00:00,2026-08-03 23:00:00,2026-03-27 22:00:00,2026-07-31 23:00:00,1011,47,46,15,3,0,1,0
BU0,沥青,上期所,60m,60分钟,ok,True,True,True,2025-11-17 23:00:00,2026-08-03 23:00:00,2026-01-05 10:00:00,2026-07-31 23:00:00,826,52,52,23,2,2,0,1
BU0,沥青,上期所,90m,90分钟,ok,True,True,True,2025-07-14 10:00:00,2026-08-04 10:00:00,2026-01-05 10:00:00,2026-07-31 22:30:00,552,28,28,12,1,2,1,0
BU0,沥青,上期所,daily,日线,ok,True,True,True,2013-10-09,2026-08-03,2026-01-05,2026-07-31,139,6,6,2,0,0,0,0
C0,玉米,大商所,120m,120分钟,ok,True,True,True,2025-03-06 11:15:00,2026-08-03 23:00:00,2026-01-05 11:15:00,2026-07-31 23:00:00,413,23,24,10,1,1,0,0
C0,玉米,大商所,30m,30分钟,ok,False,False,True,2026-03-27 22:00:00,2026-08-03 23:00:00,2026-03-27 22:00:00,2026-07-31 23:00:00,1011,56,59,26,1,1,0,0
C0,玉米,大商所,60m,60分钟,ok,True,True,True,2025-11-17 23:00:00,2026-08-03 23:00:00,2026-01-05 10:00:00,2026-07-31 23:00:00,826,48,47,20,0,0,0,0
C0,玉米,大商所,90m,90分钟,ok,True,True,True,2025-07-14 10:00:00,2026-08-04 10:00:00,2026-01-05 10:00:00,2026-07-31 22:30:00,552,31,32,14,1,0,0,0
C0,玉米,大商所,daily,日线,ok,True,True,True,2005-01-04,2026-08-03,2026-01-05,2026-07-31,139,6,7,2,0,0,0,0
CF0,棉花,郑商所,120m,120分钟,ok,True,True,True,2025-03-06 11:15:00,2026-08-03 23:00:00,2026-01-05 11:15:00,2026-07-31 23:00:00,413,25,26,14,0,0,0,0
CF0,棉花,郑商所,30m,30分钟,ok,False,False,True,2026-03-27 22:00:00,2026-08-03 23:00:00,2026-03-27 22:00:00,2026-07-31 23:00:00,1011,62,62,25,1,2,1,0
CF0,棉花,郑商所,60m,60分钟,ok,True,True,True,2025-11-17 23:00:00,2026-08-03 23:00:00,2026-01-05 10:00:00,2026-07-31 23:00:00,826,56,56,29,1,2,1,0
CF0,棉花,郑商所,90m,90分钟,ok,True,True,True,2025-07-14 10:00:00,2026-08-04 10:00:00,2026-01-05 10:00:00,2026-07-31 22:30:00,552,35,36,20,0,1,0,1
CF0,棉花,郑商所,daily,日线,ok,True,True,True,2005-01-04,2026-08-03,2026-01-05,2026-07-31,139,11,12,6,0,1,0,1
CJ0,红枣,郑商所,120m,120分钟,ok,True,True,True,2024-06-25 15:00:00,2026-08-03 15:00:00,2026-01-05 11:15:00,2026-07-31 15:00:00,278,11,11,5,0,0,0,0
CJ0,红枣,郑商所,30m,30分钟,ok,False,False,True,2026-01-21 10:00:00,2026-08-03 15:00:00,2026-01-21 10:00:00,2026-07-31 15:00:00,1015,54,55,23,0,1,0,1
CJ0,红枣,郑商所,60m,60分钟,ok,True,True,True,2025-07-15 11:15:00,2026-08-03 15:00:00,2026-01-05 10:00:00,2026-07-31 15:00:00,556,31,31,14,0,1,0,0
CJ0,红枣,郑商所,90m,90分钟,ok,True,True,True,2025-03-11 10:45:00,2026-08-03 15:00:00,2026-01-05 10:45:00,2026-07-31 15:00:00,417,22,22,10,0,0,0,0
CJ0,红枣,郑商所,daily,日线,ok,True,True,True,2019-05-06,2026-08-03,2026-01-05,2026-07-31,139,7,7,2,0,0,0,0
CS0,玉米淀粉,大商所,120m,120分钟,ok,True,True,True,2025-03-06 11:15:00,2026-08-03 23:00:00,2026-01-05 11:15:00,2026-07-31 23:00:00,413,19,20,8,0,0,0,0
CS0,玉米淀粉,大商所,30m,30分钟,ok,False,False,True,2026-03-27 22:00:00,2026-08-03 23:00:00,2026-03-27 22:00:00,2026-07-31 23:00:00,1011,62,63,32,0,1,0,0
CS0,玉米淀粉,大商所,60m,60分钟,ok,True,True,True,2025-11-17 23:00:00,2026-08-03 23:00:00,2026-01-05 10:00:00,2026-07-31 23:00:00,826,49,49,26,1,0,0,0
CS0,玉米淀粉,大商所,90m,90分钟,ok,True,True,True,2025-07-14 10:00:00,2026-08-04 10:00:00,2026-01-05 10:00:00,2026-07-31 22:30:00,552,30,31,15,0,0,0,0
CS0,玉米淀粉,大商所,daily,日线,ok,True,True,True,2014-12-22,2026-08-03,2026-01-05,2026-07-31,139,9,9,3,0,0,0,0
CU0,沪铜,上期所,120m,120分钟,ok,True,True,True,2025-07-30 01:00:00,2026-08-03 23:00:00,2026-01-05 11:15:00,2026-07-31 23:00:00,575,40,39,16,0,0,0,0
CU0,沪铜,上期所,30m,30分钟,ok,False,False,True,2026-04-29 01:00:00,2026-08-03 23:00:00,2026-04-29 01:00:00,2026-07-31 23:30:00,1008,49,50,18,1,0,0,0
CU0,沪铜,上期所,60m,60分钟,ok,False,False,True,2026-01-19 14:15:00,2026-08-03 23:00:00,2026-01-19 14:15:00,2026-07-31 23:00:00,1015,69,68,34,1,1,0,0
CU0,沪铜,上期所,90m,90分钟,ok,True,True,True,2025-11-25 00:00:00,2026-08-04 00:00:00,2026-01-05 09:30:00,2026-07-31 22:30:00,849,53,52,22,0,0,0,0
CU0,沪铜,上期所,daily,日线,ok,True,True,True,2005-01-04,2026-08-03,2026-01-05,2026-07-31,139,11,11,6,0,1,0,0
CY0,棉纱,郑商所,120m,120分钟,ok,True,True,True,2025-03-06 23:00:00,2026-08-03 23:00:00,2026-01-05 11:15:00,2026-07-31 23:00:00,414,25,26,12,0,0,0,0
CY0,棉纱,郑商所,30m,30分钟,ok,False,False,True,2026-03-27 22:00:00,2026-08-03 23:00:00,2026-03-27 22:00:00,2026-07-31 23:00:00,1011,56,57,23,1,3,0,1
CY0,棉纱,郑商所,60m,60分钟,ok,True,True,True,2025-11-17 23:00:00,2026-08-03 23:00:00,2026-01-05 10:00:00,2026-07-31 23:00:00,826,55,55,23,0,0,0,0
CY0,棉纱,郑商所,90m,90分钟,ok,True,True,True,2025-07-14 13:45:00,2026-08-04 10:00:00,2026-01-05 10:00:00,2026-07-31 22:30:00,553,39,39,21,0,0,0,0
CY0,棉纱,郑商所,daily,日线,ok,True,True,True,2017-08-23,2026-08-03,2026-01-05,2026-07-31,139,11,12,6,0,0,0,0
EB0,苯乙烯,大商所,120m,120分钟,ok,True,True,True,2025-03-06 11:15:00,2026-08-03 23:00:00,2026-01-05 11:15:00,2026-07-31 23:00:00,413,19,20,7,1,0,0,0
EB0,苯乙烯,大商所,30m,30分钟,ok,False,False,True,2026-03-27 22:00:00,2026-08-03 23:00:00,2026-03-27 22:00:00,2026-07-31 23:00:00,1011,52,51,22,1,0,0,0
EB0,苯乙烯,大商所,60m,60分钟,ok,True,True,True,2025-11-17 23:00:00,2026-08-03 23:00:00,2026-01-05 10:00:00,2026-07-31 23:00:00,826,56,56,28,0,0,0,0
EB0,苯乙烯,大商所,90m,90分钟,ok,True,True,True,2025-07-14 10:00:00,2026-08-04 10:00:00,2026-01-05 10:00:00,2026-07-31 22:30:00,552,34,34,14,2,1,1,0
EB0,苯乙烯,大商所,daily,日线,ok,True,True,True,2019-09-26,2026-08-03,2026-01-05,2026-07-31,139,5,5,3,0,0,0,0
EC0,集运欧线,能源中心,120m,120分钟,ok,True,True,True,2024-06-25 15:00:00,2026-08-03 15:00:00,2026-01-05 11:15:00,2026-07-31 15:00:00,278,13,14,6,2,0,2,0
EC0,集运欧线,能源中心,30m,30分钟,ok,False,False,True,2026-01-21 10:00:00,2026-08-03 15:00:00,2026-01-21 10:00:00,2026-07-31 15:00:00,1015,54,53,22,1,0,0,0
EC0,集运欧线,能源中心,60m,60分钟,ok,True,True,True,2025-07-15 11:15:00,2026-08-03 15:00:00,2026-01-05 10:00:00,2026-07-31 15:00:00,556,27,27,10,1,1,0,0
EC0,集运欧线,能源中心,90m,90分钟,ok,True,True,True,2025-03-11 10:45:00,2026-08-03 15:00:00,2026-01-05 10:45:00,2026-07-31 15:00:00,417,17,17,8,0,1,0,0
EC0,集运欧线,能源中心,daily,日线,ok,True,True,True,2023-08-18,2026-08-03,2026-01-05,2026-07-31,139,7,8,1,0,0,0,0
EG0,乙二醇,大商所,120m,120分钟,ok,True,True,True,2025-03-06 11:15:00,2026-08-03 23:00:00,2026-01-05 11:15:00,2026-07-31 23:00:00,413,23,23,9,1,0,0,0
EG0,乙二醇,大商所,30m,30分钟,ok,False,False,True,2026-03-27 22:00:00,2026-08-03 23:00:00,2026-03-27 22:00:00,2026-07-31 23:00:00,1011,52,52,21,1,1,0,1
EG0,乙二醇,大商所,60m,60分钟,ok,True,True,True,2025-11-17 23:00:00,2026-08-03 23:00:00,2026-01-05 10:00:00,2026-07-31 23:00:00,826,51,50,22,0,0,0,0
EG0,乙二醇,大商所,90m,90分钟,ok,True,True,True,2025-07-14 10:00:00,2026-08-04 10:00:00,2026-01-05 10:00:00,2026-07-31 22:30:00,552,25,24,11,0,1,0,1
EG0,乙二醇,大商所,daily,日线,ok,True,True,True,2018-12-10,2026-08-03,2026-01-05,2026-07-31,139,9,9,4,0,1,0,0
FB0,纤维板,大商所,120m,120分钟,ok,True,True,True,2024-06-25 11:15:00,2026-08-03 15:00:00,2026-01-05 11:15:00,2026-07-31 15:00:00,278,21,21,10,0,0,0,0
FB0,纤维板,大商所,30m,30分钟,ok,False,False,True,2026-01-21 10:00:00,2026-08-03 15:00:00,2026-01-21 10:00:00,2026-07-31 15:00:00,1015,62,61,28,1,0,1,0
FB0,纤维板,大商所,60m,60分钟,ok,True,True,True,2025-07-15 11:15:00,2026-08-03 15:00:00,2026-01-05 10:00:00,2026-07-31 15:00:00,556,31,30,13,0,0,0,0
FB0,纤维板,大商所,90m,90分钟,ok,True,True,True,2025-03-11 10:45:00,2026-08-03 15:00:00,2026-01-05 10:45:00,2026-07-31 15:00:00,417,29,28,13,0,0,0,0
FB0,纤维板,大商所,daily,日线,ok,True,True,True,2013-12-06,2026-08-03,2026-01-05,2026-07-31,139,9,9,5,0,0,0,0
FG0,玻璃,郑商所,120m,120分钟,ok,True,True,True,2025-03-06 11:15:00,2026-08-03 23:00:00,2026-01-05 11:15:00,2026-07-31 23:00:00,413,22,23,12,0,0,0,0
FG0,玻璃,郑商所,30m,30分钟,ok,False,False,True,2026-03-27 22:00:00,2026-08-03 23:00:00,2026-03-27 22:00:00,2026-07-31 23:00:00,1011,46,44,20,2,0,0,0
FG0,玻璃,郑商所,60m,60分钟,ok,True,True,True,2025-11-17 23:00:00,2026-08-03 23:00:00,2026-01-05 10:00:00,2026-07-31 23:00:00,826,54,55,30,0,2,0,0
FG0,玻璃,郑商所,90m,90分钟,ok,True,True,True,2025-07-14 10:00:00,2026-08-04 10:00:00,2026-01-05 10:00:00,2026-07-31 22:30:00,552,32,33,22,0,1,0,1
FG0,玻璃,郑商所,daily,日线,ok,True,True,True,2012-12-03,2026-08-03,2026-01-05,2026-07-31,139,7,8,5,0,0,0,0
FU0,燃油,上期所,120m,120分钟,ok,True,True,True,2025-03-06 11:15:00,2026-08-03 23:00:00,2026-01-05 11:15:00,2026-07-31 23:00:00,413,21,21,11,1,1,0,0
FU0,燃油,上期所,30m,30分钟,ok,False,False,True,2026-03-27 22:00:00,2026-08-03 23:00:00,2026-03-27 22:00:00,2026-07-31 23:00:00,1011,43,43,16,2,1,0,0
FU0,燃油,上期所,60m,60分钟,ok,True,True,True,2025-11-17 23:00:00,2026-08-03 23:00:00,2026-01-05 10:00:00,2026-07-31 23:00:00,826,44,43,17,1,0,0,0
FU0,燃油,上期所,90m,90分钟,ok,True,True,True,2025-07-14 10:00:00,2026-08-04 10:00:00,2026-01-05 10:00:00,2026-07-31 22:30:00,552,26,25,8,0,2,0,0
FU0,燃油,上期所,daily,日线,ok,True,True,True,2005-01-04,2026-08-03,2026-01-05,2026-07-31,139,5,5,2,0,0,0,0
HC0,热轧卷板,上期所,120m,120分钟,ok,True,True,True,2025-03-06 11:15:00,2026-08-03 23:00:00,2026-01-05 11:15:00,2026-07-31 23:00:00,413,27,27,14,0,0,0,0
HC0,热轧卷板,上期所,30m,30分钟,ok,False,False,True,2026-03-27 22:00:00,2026-08-03 23:00:00,2026-03-27 22:00:00,2026-07-31 23:00:00,1011,65,65,34,0,0,0,0
HC0,热轧卷板,上期所,60m,60分钟,ok,True,True,True,2025-11-17 23:00:00,2026-08-03 23:00:00,2026-01-05 10:00:00,2026-07-31 23:00:00,826,53,52,30,0,0,0,0
HC0,热轧卷板,上期所,90m,90分钟,ok,True,True,True,2025-07-14 10:00:00,2026-08-04 10:00:00,2026-01-05 10:00:00,2026-07-31 22:30:00,552,38,37,21,0,0,0,0
HC0,热轧卷板,上期所,daily,日线,ok,True,True,True,2014-03-21,2026-08-03,2026-01-05,2026-07-31,139,7,7,4,0,0,0,0
I0,铁矿石,大商所,120m,120分钟,ok,True,True,True,2025-03-06 11:15:00,2026-08-03 23:00:00,2026-01-05 11:15:00,2026-07-31 23:00:00,413,20,22,13,0,0,0,0
I0,铁矿石,大商所,30m,30分钟,ok,False,False,True,2026-03-27 22:00:00,2026-08-03 23:00:00,2026-03-27 22:00:00,2026-07-31 23:00:00,1011,69,68,40,1,2,0,1
I0,铁矿石,大商所,60m,60分钟,ok,True,True,True,2025-11-17 23:00:00,2026-08-03 23:00:00,2026-01-05 10:00:00,2026-07-31 23:00:00,826,64,65,38,0,0,0,0
I0,铁矿石,大商所,90m,90分钟,ok,True,True,True,2025-07-14 10:00:00,2026-08-04 10:00:00,2026-01-05 10:00:00,2026-07-31 22:30:00,552,34,35,23,0,3,0,2
I0,铁矿石,大商所,daily,日线,ok,True,True,True,2013-10-18,2026-08-03,2026-01-05,2026-07-31,139,6,7,3,0,0,0,0
IC0,中证500,中金所,120m,120分钟,ok,True,True,True,2024-06-25 11:30:00,2026-08-03 15:00:00,2026-01-05 11:30:00,2026-07-31 15:00:00,278,12,13,7,0,0,0,0
IC0,中证500,中金所,30m,30分钟,ok,False,False,True,2026-01-21 10:30:00,2026-08-03 15:00:00,2026-01-21 10:30:00,2026-07-31 15:00:00,1015,54,54,22,0,1,0,0
IC0,中证500,中金所,60m,60分钟,ok,True,True,True,2025-07-15 11:30:00,2026-08-03 15:00:00,2026-01-05 10:30:00,2026-07-31 15:00:00,556,32,33,17,0,1,0,0
IC0,中证500,中金所,90m,90分钟,ok,True,True,True,2025-03-11 11:00:00,2026-08-03 15:00:00,2026-01-05 11:00:00,2026-07-31 15:00:00,417,19,20,11,2,0,0,0
IC0,中证500,中金所,daily,日线,ok,True,True,True,2017-01-17,2026-08-03,2026-01-05,2026-07-31,139,8,9,5,0,1,0,0
IF0,沪深300,中金所,120m,120分钟,ok,True,True,True,2024-06-25 11:30:00,2026-08-03 15:00:00,2026-01-05 11:30:00,2026-07-31 15:00:00,278,19,20,12,0,1,0,1
IF0,沪深300,中金所,30m,30分钟,ok,False,False,True,2026-01-21 10:30:00,2026-08-03 15:00:00,2026-01-21 10:30:00,2026-07-31 15:00:00,1015,75,74,40,1,0,0,0
IF0,沪深300,中金所,60m,60分钟,ok,True,True,True,2025-07-15 11:30:00,2026-08-03 15:00:00,2026-01-05 10:30:00,2026-07-31 15:00:00,556,44,44,23,0,0,0,0
IF0,沪深300,中金所,90m,90分钟,ok,True,True,True,2025-03-12 15:00:00,2026-08-03 15:00:00,2026-01-05 11:00:00,2026-07-31 15:00:00,417,32,32,19,1,0,0,0
IF0,沪深300,中金所,daily,日线,ok,True,True,True,2017-01-17,2026-08-03,2026-01-05,2026-07-31,139,8,9,3,0,0,0,0
IH0,上证50,中金所,120m,120分钟,ok,True,True,True,2024-06-25 11:30:00,2026-08-03 15:00:00,2026-01-05 11:30:00,2026-07-31 15:00:00,278,17,18,9,0,0,0,0
IH0,上证50,中金所,30m,30分钟,ok,False,False,True,2026-01-21 10:30:00,2026-08-03 15:00:00,2026-01-21 10:30:00,2026-07-31 15:00:00,1015,65,65,31,0,2,0,1
IH0,上证50,中金所,60m,60分钟,ok,True,True,True,2025-07-15 11:30:00,2026-08-03 15:00:00,2026-01-05 10:30:00,2026-07-31 15:00:00,556,44,43,22,0,0,0,0
IH0,上证50,中金所,90m,90分钟,ok,True,True,True,2025-03-11 11:00:00,2026-08-03 15:00:00,2026-01-05 11:00:00,2026-07-31 15:00:00,417,26,26,13,0,1,0,0
IH0,上证50,中金所,daily,日线,ok,True,True,True,2017-01-17,2026-08-03,2026-01-05,2026-07-31,139,12,13,9,0,0,0,0
IM0,中证1000,中金所,120m,120分钟,ok,True,True,True,2024-06-25 11:30:00,2026-08-03 15:00:00,2026-01-05 11:30:00,2026-07-31 15:00:00,278,15,16,8,0,1,0,0
IM0,中证1000,中金所,30m,30分钟,ok,False,False,True,2026-01-21 10:30:00,2026-08-03 15:00:00,2026-01-21 10:30:00,2026-07-31 15:00:00,1015,59,60,24,2,0,0,0
IM0,中证1000,中金所,60m,60分钟,ok,True,True,True,2025-07-15 11:30:00,2026-08-03 15:00:00,2026-01-05 10:30:00,2026-07-31 15:00:00,556,38,37,21,0,4,0,0
IM0,中证1000,中金所,90m,90分钟,ok,True,True,True,2025-03-11 11:00:00,2026-08-03 15:00:00,2026-01-05 11:00:00,2026-07-31 15:00:00,417,24,24,14,2,1,0,0
IM0,中证1000,中金所,daily,日线,ok,True,True,True,2022-07-22,2026-08-03,2026-01-05,2026-07-31,139,8,9,3,0,1,0,0
J0,焦炭,大商所,120m,120分钟,ok,True,True,True,2025-03-06 11:15:00,2026-08-03 23:00:00,2026-01-05 11:15:00,2026-07-31 23:00:00,413,26,26,13,0,0,0,0
J0,焦炭,大商所,30m,30分钟,ok,False,False,True,2026-03-27 22:00:00,2026-08-03 23:00:00,2026-03-27 22:00:00,2026-07-31 23:00:00,1011,57,57,28,0,0,0,0
J0,焦炭,大商所,60m,60分钟,ok,True,True,True,2025-11-17 23:00:00,2026-08-03 23:00:00,2026-01-05 10:00:00,2026-07-31 23:00:00,826,52,52,30,0,0,0,0
J0,焦炭,大商所,90m,90分钟,ok,True,True,True,2025-07-14 10:00:00,2026-08-04 10:00:00,2026-01-05 10:00:00,2026-07-31 22:30:00,552,30,30,14,0,0,0,0
J0,焦炭,大商所,daily,日线,ok,True,True,True,2011-04-15,2026-08-03,2026-01-05,2026-07-31,139,8,9,5,0,0,0,0
JD0,鸡蛋,大商所,120m,120分钟,ok,True,True,True,2024-06-25 15:00:00,2026-08-03 15:00:00,2026-01-05 11:15:00,2026-07-31 15:00:00,278,12,13,5,0,0,0,0
JD0,鸡蛋,大商所,30m,30分钟,ok,False,False,True,2026-01-21 10:00:00,2026-08-03 15:00:00,2026-01-21 10:00:00,2026-07-31 15:00:00,1015,39,39,10,1,0,0,0
JD0,鸡蛋,大商所,60m,60分钟,ok,True,True,True,2025-07-15 11:15:00,2026-08-03 15:00:00,2026-01-05 10:00:00,2026-07-31 15:00:00,556,29,29,12,0,2,0,0
JD0,鸡蛋,大商所,90m,90分钟,ok,True,True,True,2025-03-11 10:45:00,2026-08-03 15:00:00,2026-01-05 10:45:00,2026-07-31 15:00:00,417,21,22,10,0,0,0,0
JD0,鸡蛋,大商所,daily,日线,ok,True,True,True,2013-11-08,2026-08-03,2026-01-05,2026-07-31,139,5,5,1,0,0,0,0
JM0,焦煤,大商所,120m,120分钟,ok,True,True,True,2025-03-06 23:00:00,2026-08-03 23:00:00,2026-01-05 11:15:00,2026-07-31 23:00:00,413,25,25,12,0,1,0,0
JM0,焦煤,大商所,30m,30分钟,ok,False,False,True,2026-03-27 22:00:00,2026-08-03 23:00:00,2026-03-27 22:00:00,2026-07-31 23:00:00,1011,54,54,20,1,2,0,0
JM0,焦煤,大商所,60m,60分钟,ok,True,True,True,2025-11-17 23:00:00,2026-08-03 23:00:00,2026-01-05 10:00:00,2026-07-31 23:00:00,826,46,47,24,1,2,1,0
JM0,焦煤,大商所,90m,90分钟,ok,True,True,True,2025-07-14 13:45:00,2026-08-04 10:00:00,2026-01-05 10:00:00,2026-07-31 22:30:00,552,27,27,10,0,0,0,0
JM0,焦煤,大商所,daily,日线,ok,True,True,True,2013-03-22,2026-08-03,2026-01-05,2026-07-31,139,11,12,8,0,0,0,0
L0,塑料,大商所,120m,120分钟,ok,True,True,True,2025-03-06 11:15:00,2026-08-03 23:00:00,2026-01-05 11:15:00,2026-07-31 23:00:00,413,16,16,8,0,3,0,1
L0,塑料,大商所,30m,30分钟,ok,False,False,True,2026-03-27 22:00:00,2026-08-03 23:00:00,2026-03-27 22:00:00,2026-07-31 23:00:00,1011,50,49,23,0,3,0,0
L0,塑料,大商所,60m,60分钟,ok,True,True,True,2025-11-17 23:00:00,2026-08-03 23:00:00,2026-01-05 10:00:00,2026-07-31 23:00:00,826,46,46,16,2,0,0,0
L0,塑料,大商所,90m,90分钟,ok,True,True,True,2025-07-14 10:00:00,2026-08-04 10:00:00,2026-01-05 10:00:00,2026-07-31 22:30:00,552,26,26,11,0,1,0,0
L0,塑料,大商所,daily,日线,ok,True,True,True,2007-08-01,2026-08-03,2026-01-05,2026-07-31,139,9,8,5,0,0,0,0
LC0,碳酸锂,广期所,120m,120分钟,ok,True,True,True,2024-06-25 15:00:00,2026-08-03 15:00:00,2026-01-05 11:15:00,2026-07-31 15:00:00,278,10,11,4,0,0,0,0
LC0,碳酸锂,广期所,30m,30分钟,ok,False,False,True,2026-01-21 10:00:00,2026-08-03 15:00:00,2026-01-21 10:00:00,2026-07-31 15:00:00,1015,55,56,28,1,2,1,1
LC0,碳酸锂,广期所,60m,60分钟,ok,True,True,True,2025-07-15 11:15:00,2026-08-03 15:00:00,2026-01-05 10:00:00,2026-07-31 15:00:00,556,29,29,14,0,0,0,0
LC0,碳酸锂,广期所,90m,90分钟,ok,True,True,True,2025-03-11 10:45:00,2026-08-03 15:00:00,2026-01-05 10:45:00,2026-07-31 15:00:00,417,24,24,12,0,0,0,0
LC0,碳酸锂,广期所,daily,日线,ok,True,True,True,2023-07-21,2026-08-03,2026-01-05,2026-07-31,139,7,8,2,1,0,1,0
LG0,原木,大商所,120m,120分钟,ok,True,True,True,2024-11-19 11:15:00,2026-08-03 15:00:00,2026-01-05 11:15:00,2026-07-31 15:00:00,278,19,18,8,0,0,0,0
LG0,原木,大商所,30m,30分钟,ok,False,False,True,2026-01-21 10:00:00,2026-08-03 15:00:00,2026-01-21 10:00:00,2026-07-31 15:00:00,1015,60,62,30,1,0,1,0
LG0,原木,大商所,60m,60分钟,ok,True,True,True,2025-07-15 11:15:00,2026-08-03 15:00:00,2026-01-05 10:00:00,2026-07-31 15:00:00,556,32,31,9,0,0,0,0
LG0,原木,大商所,90m,90分钟,ok,True,True,True,2025-03-11 10:45:00,2026-08-03 15:00:00,2026-01-05 10:45:00,2026-07-31 15:00:00,417,23,23,7,1,0,1,0
LG0,原木,大商所,daily,日线,ok,True,True,True,2024-11-18,2026-08-03,2026-01-05,2026-07-31,139,11,11,6,0,0,0,0
LH0,生猪,大商所,120m,120分钟,ok,True,True,True,2024-06-25 15:00:00,2026-08-03 15:00:00,2026-01-05 11:15:00,2026-07-31 15:00:00,278,12,13,4,0,0,0,0
LH0,生猪,大商所,30m,30分钟,ok,False,False,True,2026-01-21 10:00:00,2026-08-03 15:00:00,2026-01-21 10:00:00,2026-07-31 15:00:00,1015,41,42,16,0,1,0,1
LH0,生猪,大商所,60m,60分钟,ok,True,True,True,2025-07-15 11:15:00,2026-08-03 15:00:00,2026-01-05 10:00:00,2026-07-31 15:00:00,556,22,23,6,1,0,0,0
LH0,生猪,大商所,90m,90分钟,ok,True,True,True,2025-03-11 10:45:00,2026-08-03 15:00:00,2026-01-05 10:45:00,2026-07-31 15:00:00,417,20,21,10,2,2,1,0
LH0,生猪,大商所,daily,日线,ok,True,True,True,2021-01-08,2026-08-03,2026-01-05,2026-07-31,139,7,8,4,0,0,0,0
LU0,低硫燃料油,能源中心,120m,120分钟,ok,True,True,True,2025-03-06 11:15:00,2026-08-03 23:00:00,2026-01-05 11:15:00,2026-07-31 23:00:00,413,21,20,10,0,1,0,0
LU0,低硫燃料油,能源中心,30m,30分钟,ok,False,False,True,2026-03-27 22:00:00,2026-08-03 23:00:00,2026-03-27 22:00:00,2026-07-31 23:00:00,1011,62,61,31,1,1,0,0
LU0,低硫燃料油,能源中心,60m,60分钟,ok,True,True,True,2025-11-17 23:00:00,2026-08-03 23:00:00,2026-01-05 10:00:00,2026-07-31 23:00:00,826,42,41,17,2,1,0,0
LU0,低硫燃料油,能源中心,90m,90分钟,ok,True,True,True,2025-07-14 10:00:00,2026-08-04 10:00:00,2026-01-05 10:00:00,2026-07-31 22:30:00,552,29,28,14,1,1,0,0
LU0,低硫燃料油,能源中心,daily,日线,ok,True,True,True,2020-06-22,2026-08-03,2026-01-05,2026-07-31,139,4,3,1,0,0,0,0
M0,豆粕,大商所,120m,120分钟,ok,True,True,True,2025-03-06 11:15:00,2026-08-03 23:00:00,2026-01-05 11:15:00,2026-07-31 23:00:00,413,22,22,7,0,0,0,0
M0,豆粕,大商所,30m,30分钟,ok,False,False,True,2026-03-27 22:00:00,2026-08-03 23:00:00,2026-03-27 22:00:00,2026-07-31 23:00:00,1011,62,61,31,1,2,0,0
M0,豆粕,大商所,60m,60分钟,ok,True,True,True,2025-11-17 23:00:00,2026-08-03 23:00:00,2026-01-05 10:00:00,2026-07-31 23:00:00,826,50,49,23,3,1,1,0
M0,豆粕,大商所,90m,90分钟,ok,True,True,True,2025-07-14 10:00:00,2026-08-04 10:00:00,2026-01-05 10:00:00,2026-07-31 22:30:00,552,31,31,13,0,0,0,0
M0,豆粕,大商所,daily,日线,ok,True,True,True,2005-01-04,2026-08-03,2026-01-05,2026-07-31,139,10,10,3,0,0,0,0
MA0,甲醇,郑商所,120m,120分钟,ok,True,True,True,2025-03-06 11:15:00,2026-08-03 23:00:00,2026-01-05 11:15:00,2026-07-31 23:00:00,413,21,22,9,0,1,0,0
MA0,甲醇,郑商所,30m,30分钟,ok,False,False,True,2026-03-27 22:00:00,2026-08-03 23:00:00,2026-03-27 22:00:00,2026-07-31 23:00:00,1011,57,57,24,1,1,0,0
MA0,甲醇,郑商所,60m,60分钟,ok,True,True,True,2025-11-17 23:00:00,2026-08-03 23:00:00,2026-01-05 10:00:00,2026-07-31 23:00:00,826,49,49,23,1,3,0,0
MA0,甲醇,郑商所,90m,90分钟,ok,True,True,True,2025-07-14 10:00:00,2026-08-04 10:00:00,2026-01-05 10:00:00,2026-07-31 22:30:00,552,21,22,7,1,1,0,0
MA0,甲醇,郑商所,daily,日线,ok,True,True,True,2014-12-24,2026-08-03,2026-01-05,2026-07-31,139,10,10,5,0,0,0,0
NI0,沪镍,上期所,120m,120分钟,ok,True,True,True,2025-07-29 11:15:00,2026-08-03 23:00:00,2026-01-05 11:15:00,2026-07-31 23:00:00,575,57,58,39,1,2,0,1
NI0,沪镍,上期所,30m,30分钟,ok,False,False,True,2026-04-29 00:30:00,2026-08-03 23:00:00,2026-04-29 00:30:00,2026-07-31 23:30:00,1008,72,73,35,2,0,1,0
NI0,沪镍,上期所,60m,60分钟,ok,False,False,True,2026-01-19 11:15:00,2026-08-03 23:00:00,2026-01-19 11:15:00,2026-07-31 23:00:00,1015,81,82,40,1,0,1,0
NI0,沪镍,上期所,90m,90分钟,ok,True,True,True,2025-11-25 00:00:00,2026-08-04 00:00:00,2026-01-05 09:30:00,2026-07-31 22:30:00,849,61,61,26,1,1,0,1
NI0,沪镍,上期所,daily,日线,ok,True,True,True,2015-03-27,2026-08-03,2026-01-05,2026-07-31,139,6,6,3,0,0,0,0
NR0,20号胶,能源中心,120m,120分钟,ok,True,True,True,2025-03-06 11:15:00,2026-08-03 23:00:00,2026-01-05 11:15:00,2026-07-31 23:00:00,413,20,20,8,0,1,0,0
NR0,20号胶,能源中心,30m,30分钟,ok,False,False,True,2026-03-27 22:00:00,2026-08-03 23:00:00,2026-03-27 22:00:00,2026-07-31 23:00:00,1011,58,55,25,0,1,0,0
NR0,20号胶,能源中心,60m,60分钟,ok,True,True,True,2025-11-17 23:00:00,2026-08-03 23:00:00,2026-01-05 10:00:00,2026-07-31 23:00:00,826,54,53,22,0,3,0,0
NR0,20号胶,能源中心,90m,90分钟,ok,True,True,True,2025-07-14 10:00:00,2026-08-04 10:00:00,2026-01-05 10:00:00,2026-07-31 22:30:00,552,38,38,19,0,0,0,0
NR0,20号胶,能源中心,daily,日线,ok,True,True,True,2019-08-12,2026-08-03,2026-01-05,2026-07-31,139,9,10,3,0,0,0,0
OI0,菜油,郑商所,120m,120分钟,ok,True,True,True,2025-03-06 11:15:00,2026-08-03 23:00:00,2026-01-05 11:15:00,2026-07-31 23:00:00,413,19,20,7,2,0,2,0
OI0,菜油,郑商所,30m,30分钟,ok,False,False,True,2026-03-27 22:00:00,2026-08-03 23:00:00,2026-03-27 22:00:00,2026-07-31 23:00:00,1011,52,52,20,3,2,1,0
OI0,菜油,郑商所,60m,60分钟,ok,True,True,True,2025-11-17 23:00:00,2026-08-03 23:00:00,2026-01-05 10:00:00,2026-07-31 23:00:00,826,40,41,17,0,1,0,0
OI0,菜油,郑商所,90m,90分钟,ok,True,True,True,2025-07-14 10:00:00,2026-08-04 10:00:00,2026-01-05 10:00:00,2026-07-31 22:30:00,552,33,33,17,0,0,0,0
OI0,菜油,郑商所,daily,日线,ok,True,True,True,2007-06-08,2026-08-03,2026-01-05,2026-07-31,139,12,12,7,0,0,0,0
P0,棕榈,大商所,120m,120分钟,ok,True,True,True,2025-03-06 11:15:00,2026-08-03 23:00:00,2026-01-05 11:15:00,2026-07-31 23:00:00,413,24,25,11,1,0,0,0
P0,棕榈,大商所,30m,30分钟,ok,False,False,True,2026-03-27 22:00:00,2026-08-03 23:00:00,2026-03-27 22:00:00,2026-07-31 23:00:00,1011,51,51,26,0,1,0,0
P0,棕榈,大商所,60m,60分钟,ok,True,True,True,2025-11-17 23:00:00,2026-08-03 23:00:00,2026-01-05 10:00:00,2026-07-31 23:00:00,826,40,40,15,0,1,0,0
P0,棕榈,大商所,90m,90分钟,ok,True,True,True,2025-07-14 10:00:00,2026-08-04 10:00:00,2026-01-05 10:00:00,2026-07-31 22:30:00,552,25,26,11,0,0,0,0
P0,棕榈,大商所,daily,日线,ok,True,True,True,2007-10-29,2026-08-03,2026-01-05,2026-07-31,139,9,10,6,0,0,0,0
PB0,沪铅,上期所,120m,120分钟,ok,True,True,True,2025-07-29 01:00:00,2026-08-03 23:00:00,2026-01-05 11:15:00,2026-07-31 23:00:00,572,33,33,17,0,0,0,0
PB0,沪铅,上期所,30m,30分钟,ok,False,False,True,2026-04-29 00:00:00,2026-08-03 23:00:00,2026-04-29 00:00:00,2026-07-31 23:30:00,1008,48,48,26,3,1,0,0
PB0,沪铅,上期所,60m,60分钟,ok,False,False,True,2026-01-19 00:00:00,2026-08-03 23:00:00,2026-01-19 00:00:00,2026-07-31 23:00:00,1015,67,67,35,1,3,0,2
PB0,沪铅,上期所,90m,90分钟,ok,True,True,True,2025-11-25 00:00:00,2026-08-04 00:00:00,2026-01-05 09:30:00,2026-07-31 22:30:00,849,59,59,31,0,2,0,0
PB0,沪铅,上期所,daily,日线,ok,True,True,True,2011-03-24,2026-08-03,2026-01-05,2026-07-31,139,8,9,5,0,0,0,0
PF0,短纤,郑商所,120m,120分钟,ok,True,True,True,2025-03-06 11:15:00,2026-08-03 23:00:00,2026-01-05 11:15:00,2026-07-31 23:00:00,413,28,27,16,2,1,0,1
PF0,短纤,郑商所,30m,30分钟,ok,False,False,True,2026-03-27 22:00:00,2026-08-03 23:00:00,2026-03-27 22:00:00,2026-07-31 23:00:00,1011,52,51,19,1,2,1,0
PF0,短纤,郑商所,60m,60分钟,ok,True,True,True,2025-11-17 23:00:00,2026-08-03 23:00:00,2026-01-05 10:00:00,2026-07-31 23:00:00,826,65,64,35,0,2,0,1
PF0,短纤,郑商所,90m,90分钟,ok,True,True,True,2025-07-14 10:00:00,2026-08-04 10:00:00,2026-01-05 10:00:00,2026-07-31 22:30:00,552,44,43,27,0,1,0,1
PF0,短纤,郑商所,daily,日线,ok,True,True,True,2020-10-12,2026-08-03,2026-01-05,2026-07-31,139,11,11,6,1,0,1,0
PG0,液化石油气,大商所,120m,120分钟,ok,True,True,True,2025-03-06 11:15:00,2026-08-03 23:00:00,2026-01-05 11:15:00,2026-07-31 23:00:00,413,25,25,15,0,1,0,0
PG0,液化石油气,大商所,30m,30分钟,ok,False,False,True,2026-03-27 22:00:00,2026-08-03 23:00:00,2026-03-27 22:00:00,2026-07-31 23:00:00,1011,49,47,17,1,1,0,0
PG0,液化石油气,大商所,60m,60分钟,ok,True,True,True,2025-11-17 23:00:00,2026-08-03 23:00:00,2026-01-05 10:00:00,2026-07-31 23:00:00,826,36,36,9,2,0,1,0
PG0,液化石油气,大商所,90m,90分钟,ok,True,True,True,2025-07-14 13:45:00,2026-08-04 10:00:00,2026-01-05 10:00:00,2026-07-31 22:30:00,553,31,31,16,0,0,0,0
PG0,液化石油气,大商所,daily,日线,ok,True,True,True,2020-03-30,2026-08-03,2026-01-05,2026-07-31,139,6,6,2,1,1,1,1
PK0,花生,郑商所,120m,120分钟,ok,True,True,True,2024-06-25 15:00:00,2026-08-03 15:00:00,2026-01-05 11:15:00,2026-07-31 15:00:00,278,13,14,7,1,0,0,0
PK0,花生,郑商所,30m,30分钟,ok,False,False,True,2026-01-21 10:00:00,2026-08-03 15:00:00,2026-01-21 10:00:00,2026-07-31 15:00:00,1015,53,55,23,0,0,0,0
PK0,花生,郑商所,60m,60分钟,ok,True,True,True,2025-07-15 11:15:00,2026-08-03 15:00:00,2026-01-05 10:00:00,2026-07-31 15:00:00,556,37,38,23,0,1,0,1
PK0,花生,郑商所,90m,90分钟,ok,True,True,True,2025-03-11 10:45:00,2026-08-03 15:00:00,2026-01-05 10:45:00,2026-07-31 15:00:00,417,19,20,10,1,0,0,0
PK0,花生,郑商所,daily,日线,ok,True,True,True,2021-02-01,2026-08-03,2026-01-05,2026-07-31,139,6,6,2,0,0,0,0
PL0,丙烯,郑商所,120m,120分钟,ok,True,True,True,2025-07-22 23:00:00,2026-08-03 23:00:00,2026-01-05 11:15:00,2026-07-31 23:00:00,413,20,21,10,1,0,1,0
PL0,丙烯,郑商所,30m,30分钟,ok,False,False,True,2026-03-27 22:00:00,2026-08-03 23:00:00,2026-03-27 22:00:00,2026-07-31 23:00:00,1011,51,50,22,0,1,0,0
PL0,丙烯,郑商所,60m,60分钟,ok,True,True,True,2025-11-17 23:00:00,2026-08-03 23:00:00,2026-01-05 10:00:00,2026-07-31 23:00:00,826,50,50,22,2,1,0,0
PL0,丙烯,郑商所,90m,90分钟,ok,True,True,True,2025-07-22 22:30:00,2026-08-04 10:00:00,2026-01-05 10:00:00,2026-07-31 22:30:00,552,24,24,9,1,1,0,0
PL0,丙烯,郑商所,daily,日线,ok,True,True,True,2025-07-22,2026-08-03,2026-01-05,2026-07-31,139,7,7,3,0,0,0,0
PP0,聚丙烯,大商所,120m,120分钟,ok,True,True,True,2025-03-06 11:15:00,2026-08-03 23:00:00,2026-01-05 11:15:00,2026-07-31 23:00:00,413,20,20,9,1,1,0,0
PP0,聚丙烯,大商所,30m,30分钟,ok,False,False,True,2026-03-27 22:00:00,2026-08-03 23:00:00,2026-03-27 22:00:00,2026-07-31 23:00:00,1011,54,53,25,0,1,0,0
PP0,聚丙烯,大商所,60m,60分钟,ok,True,True,True,2025-11-17 23:00:00,2026-08-03 23:00:00,2026-01-05 10:00:00,2026-07-31 23:00:00,826,39,39,12,0,2,0,0
PP0,聚丙烯,大商所,90m,90分钟,ok,True,True,True,2025-07-14 10:00:00,2026-08-04 10:00:00,2026-01-05 10:00:00,2026-07-31 22:30:00,552,24,24,7,2,0,0,0
PP0,聚丙烯,大商所,daily,日线,ok,True,True,True,2014-02-28,2026-08-03,2026-01-05,2026-07-31,139,7,7,4,0,0,0,0
PR0,瓶片,郑商所,120m,120分钟,ok,True,True,True,2025-07-11 23:00:00,2026-08-03 23:00:00,2026-01-05 10:45:00,2026-07-31 23:00:00,552,30,29,11,3,0,0,0
PR0,瓶片,郑商所,30m,30分钟,ok,False,False,True,2026-03-31 13:45:00,2026-08-03 23:00:00,2026-03-31 13:45:00,2026-07-31 23:00:00,1011,55,53,26,2,1,1,0
PR0,瓶片,郑商所,60m,60分钟,ok,True,True,True,2025-12-22 14:45:00,2026-08-03 23:00:00,2026-01-05 09:30:00,2026-07-31 23:00:00,965,57,56,24,0,0,0,0
PR0,瓶片,郑商所,90m,90分钟,ok,True,True,True,2025-09-23 14:45:00,2026-08-04 09:30:00,2026-01-05 09:30:00,2026-07-31 22:30:00,691,41,40,14,0,0,0,0
PR0,瓶片,郑商所,daily,日线,ok,True,True,True,2024-08-30,2026-08-03,2026-01-05,2026-07-31,139,8,8,4,0,0,0,0
PS0,多晶硅,广期所,120m,120分钟,ok,True,True,True,2024-12-26 11:15:00,2026-08-03 15:00:00,2026-01-05 11:15:00,2026-07-31 15:00:00,278,18,18,10,0,0,0,0
PS0,多晶硅,广期所,30m,30分钟,ok,False,False,True,2026-01-21 10:00:00,2026-08-03 15:00:00,2026-01-21 10:00:00,2026-07-31 15:00:00,1015,59,59,34,1,0,0,0
PS0,多晶硅,广期所,60m,60分钟,ok,True,True,True,2025-07-16 10:00:00,2026-08-03 15:00:00,2026-01-05 10:00:00,2026-07-31 15:00:00,556,22,21,6,0,0,0,0
PS0,多晶硅,广期所,90m,90分钟,ok,True,True,True,2025-03-11 15:00:00,2026-08-03 15:00:00,2026-01-05 10:45:00,2026-07-31 15:00:00,417,21,21,6,0,0,0,0
PS0,多晶硅,广期所,daily,日线,ok,True,True,True,2024-12-26,2026-08-03,2026-01-05,2026-07-31,139,7,8,6,0,0,0,0
PT0,铂,广期所,120m,120分钟,ok,True,True,True,2025-11-28 11:15:00,2026-08-03 15:00:00,2026-01-05 11:15:00,2026-07-31 15:00:00,278,16,16,8,0,0,0,0
PT0,铂,广期所,30m,30分钟,ok,False,False,True,2026-01-21 10:00:00,2026-08-03 15:00:00,2026-01-21 10:00:00,2026-07-31 15:00:00,1015,42,42,12,0,0,0,0
PT0,铂,广期所,60m,60分钟,ok,True,True,True,2025-11-28 10:00:00,2026-08-03 15:00:00,2026-01-05 10:00:00,2026-07-31 15:00:00,556,30,29,11,0,0,0,0
PT0,铂,广期所,90m,90分钟,ok,True,True,True,2025-11-28 10:45:00,2026-08-03 15:00:00,2026-01-05 10:45:00,2026-07-31 15:00:00,417,23,22,11,0,0,0,0
PT0,铂,广期所,daily,日线,ok,True,True,True,2025-11-27,2026-08-03,2026-01-05,2026-07-31,139,9,9,7,0,0,0,0
PX0,对二甲苯,郑商所,120m,120分钟,ok,True,True,True,2025-03-06 11:15:00,2026-08-03 23:00:00,2026-01-05 11:15:00,2026-07-31 23:00:00,413,30,29,15,2,0,0,0
PX0,对二甲苯,郑商所,30m,30分钟,ok,False,False,True,2026-03-27 22:00:00,2026-08-03 23:00:00,2026-03-27 22:00:00,2026-07-31 23:00:00,1011,56,56,27,1,1,0,0
PX0,对二甲苯,郑商所,60m,60分钟,ok,True,True,True,2025-11-17 23:00:00,2026-08-03 23:00:00,2026-01-05 10:00:00,2026-07-31 23:00:00,826,57,56,24,0,0,0,0
PX0,对二甲苯,郑商所,90m,90分钟,ok,True,True,True,2025-07-14 10:00:00,2026-08-04 10:00:00,2026-01-05 10:00:00,2026-07-31 22:30:00,552,46,45,29,1,2,0,2
PX0,对二甲苯,郑商所,daily,日线,ok,True,True,True,2023-09-15,2026-08-03,2026-01-05,2026-07-31,139,11,11,6,0,0,0,0
RB0,螺纹钢,上期所,120m,120分钟,ok,True,True,True,2025-03-06 11:15:00,2026-08-03 23:00:00,2026-01-05 11:15:00,2026-07-31 23:00:00,413,22,22,9,0,0,0,0
RB0,螺纹钢,上期所,30m,30分钟,ok,False,False,True,2026-03-27 22:00:00,2026-08-03 23:00:00,2026-03-27 22:00:00,2026-07-31 23:00:00,1011,58,58,28,0,1,0,0
RB0,螺纹钢,上期所,60m,60分钟,ok,True,True,True,2025-11-17 23:00:00,2026-08-03 23:00:00,2026-01-05 10:00:00,2026-07-31 23:00:00,826,41,41,19,0,0,0,0
RB0,螺纹钢,上期所,90m,90分钟,ok,True,True,True,2025-07-14 10:00:00,2026-08-04 10:00:00,2026-01-05 10:00:00,2026-07-31 22:30:00,552,28,28,12,0,0,0,0
RB0,螺纹钢,上期所,daily,日线,ok,True,True,True,2009-03-27,2026-08-03,2026-01-05,2026-07-31,139,8,9,5,0,0,0,0
RM0,菜粕,郑商所,120m,120分钟,ok,True,True,True,2025-03-06 11:15:00,2026-08-03 23:00:00,2026-01-05 11:15:00,2026-07-31 23:00:00,413,25,26,13,1,1,0,0
RM0,菜粕,郑商所,30m,30分钟,ok,False,False,True,2026-03-27 22:00:00,2026-08-03 23:00:00,2026-03-27 22:00:00,2026-07-31 23:00:00,1011,51,50,20,2,0,0,0
RM0,菜粕,郑商所,60m,60分钟,ok,True,True,True,2025-11-17 23:00:00,2026-08-03 23:00:00,2026-01-05 10:00:00,2026-07-31 23:00:00,826,47,46,23,0,1,0,1
RM0,菜粕,郑商所,90m,90分钟,ok,True,True,True,2025-07-14 10:00:00,2026-08-04 10:00:00,2026-01-05 10:00:00,2026-07-31 22:30:00,552,28,28,12,1,0,0,0
RM0,菜粕,郑商所,daily,日线,ok,True,True,True,2012-12-28,2026-08-03,2026-01-05,2026-07-31,139,9,10,5,0,0,0,0
RR0,粳米,大商所,120m,120分钟,ok,True,True,True,2025-03-06 15:00:00,2026-08-03 23:00:00,2026-01-05 11:15:00,2026-07-31 23:00:00,413,29,28,13,0,0,0,0
RR0,粳米,大商所,30m,30分钟,ok,False,False,True,2026-03-27 22:00:00,2026-08-03 23:00:00,2026-03-27 22:00:00,2026-07-31 23:00:00,1011,102,101,60,0,1,0,0
RR0,粳米,大商所,60m,60分钟,ok,True,True,True,2025-11-17 23:00:00,2026-08-03 23:00:00,2026-01-05 10:00:00,2026-07-31 23:00:00,826,71,71,39,0,0,0,0
RR0,粳米,大商所,90m,90分钟,ok,True,True,True,2025-07-14 10:00:00,2026-08-04 10:00:00,2026-01-05 10:00:00,2026-07-31 22:30:00,552,39,38,17,0,0,0,0
RR0,粳米,大商所,daily,日线,ok,True,True,True,2019-08-16,2026-08-03,2026-01-05,2026-07-31,139,9,9,5,0,0,0,0
RS0,菜籽,郑商所,120m,120分钟,ok,True,True,True,2024-04-12 11:15:00,2026-08-03 15:00:00,2026-01-05 11:15:00,2026-07-31 15:00:00,268,15,15,4,1,0,1,0
RS0,菜籽,郑商所,30m,30分钟,ok,True,True,True,2025-12-03 13:45:00,2026-08-03 15:00:00,2026-01-05 09:30:00,2026-07-31 15:00:00,972,61,60,28,1,0,0,0
RS0,菜籽,郑商所,60m,60分钟,ok,True,True,True,2025-04-24 11:15:00,2026-08-03 15:00:00,2026-01-05 10:00:00,2026-07-31 15:00:00,518,33,33,14,1,1,0,0
RS0,菜籽,郑商所,90m,90分钟,ok,True,True,True,2024-12-11 10:45:00,2026-08-03 15:00:00,2026-01-05 10:45:00,2026-07-31 15:00:00,395,26,26,11,0,0,0,0
RS0,菜籽,郑商所,daily,日线,ok,True,True,True,2012-12-28,2026-08-03,2026-01-05,2026-07-31,138,7,7,1,0,0,0,0
RU0,橡胶,上期所,120m,120分钟,ok,True,True,True,2025-03-06 11:15:00,2026-08-03 23:00:00,2026-01-05 11:15:00,2026-07-31 23:00:00,413,23,23,8,0,2,0,1
RU0,橡胶,上期所,30m,30分钟,ok,False,False,True,2026-03-27 22:00:00,2026-08-03 23:00:00,2026-03-27 22:00:00,2026-07-31 23:00:00,1011,57,56,27,0,0,0,0
RU0,橡胶,上期所,60m,60分钟,ok,True,True,True,2025-11-17 23:00:00,2026-08-03 23:00:00,2026-01-05 10:00:00,2026-07-31 23:00:00,826,53,52,24,0,2,0,0
RU0,橡胶,上期所,90m,90分钟,ok,True,True,True,2025-07-14 10:00:00,2026-08-04 10:00:00,2026-01-05 10:00:00,2026-07-31 22:30:00,552,38,38,22,1,1,0,0
RU0,橡胶,上期所,daily,日线,ok,True,True,True,2005-01-04,2026-08-03,2026-01-05,2026-07-31,139,12,13,5,0,1,0,0
SA0,纯碱,郑商所,120m,120分钟,ok,True,True,True,2025-03-06 23:00:00,2026-08-03 23:00:00,2026-01-05 11:15:00,2026-07-31 23:00:00,413,14,15,3,0,0,0,0
SA0,纯碱,郑商所,30m,30分钟,ok,False,False,True,2026-03-27 22:00:00,2026-08-03 23:00:00,2026-03-27 22:00:00,2026-07-31 23:00:00,1011,60,61,35,0,2,0,0
SA0,纯碱,郑商所,60m,60分钟,ok,True,True,True,2025-11-17 23:00:00,2026-08-03 23:00:00,2026-01-05 10:00:00,2026-07-31 23:00:00,826,31,32,13,1,0,1,0
SA0,纯碱,郑商所,90m,90分钟,ok,True,True,True,2025-07-14 10:00:00,2026-08-04 10:00:00,2026-01-05 10:00:00,2026-07-31 22:30:00,552,25,27,12,1,0,0,0
SA0,纯碱,郑商所,daily,日线,ok,True,True,True,2019-12-06,2026-08-03,2026-01-05,2026-07-31,139,9,10,7,0,0,0,0
SC0,原油,能源中心,120m,120分钟,ok,True,True,True,2025-10-20 13:45:00,2026-08-03 23:00:00,2026-01-05 09:30:00,2026-07-31 23:00:00,734,36,35,13,1,0,0,0
SC0,原油,能源中心,30m,30分钟,ok,False,False,True,2026-05-18 14:45:00,2026-08-03 23:00:00,2026-05-18 14:45:00,2026-07-31 23:30:00,1005,36,35,13,1,0,0,0
SC0,原油,能源中心,60m,60分钟,ok,False,False,True,2026-03-06 01:00:00,2026-08-03 23:00:00,2026-03-06 01:00:00,2026-07-31 23:00:00,1012,47,48,19,2,0,0,0
SC0,原油,能源中心,90m,90分钟,ok,True,True,True,2025-12-25 14:45:00,2026-08-04 00:00:00,2026-01-05 09:30:00,2026-07-31 22:30:00,983,46,45,17,1,0,0,0
SC0,原油,能源中心,daily,日线,ok,True,True,True,2018-03-26,2026-08-03,2026-01-05,2026-07-31,139,5,4,1,0,0,0,0
SF0,硅铁,郑商所,120m,120分钟,ok,True,True,True,2024-06-25 15:00:00,2026-08-03 15:00:00,2026-01-05 11:15:00,2026-07-31 15:00:00,278,27,28,16,0,0,0,0
SF0,硅铁,郑商所,30m,30分钟,ok,False,False,True,2026-01-21 10:00:00,2026-08-03 15:00:00,2026-01-21 10:00:00,2026-07-31 15:00:00,1015,63,64,29,1,0,0,0
SF0,硅铁,郑商所,60m,60分钟,ok,True,True,True,2025-07-15 11:15:00,2026-08-03 15:00:00,2026-01-05 10:00:00,2026-07-31 15:00:00,556,46,46,22,0,0,0,0
SF0,硅铁,郑商所,90m,90分钟,ok,True,True,True,2025-03-11 10:45:00,2026-08-03 15:00:00,2026-01-05 10:45:00,2026-07-31 15:00:00,417,38,38,21,0,0,0,0
SF0,硅铁,郑商所,daily,日线,ok,True,True,True,2014-08-12,2026-08-03,2026-01-05,2026-07-31,139,9,10,4,0,0,0,0
SH0,烧碱,郑商所,120m,120分钟,ok,True,True,True,2025-03-06 11:15:00,2026-08-03 23:00:00,2026-01-05 11:15:00,2026-07-31 23:00:00,413,32,33,21,0,0,0,0
SH0,烧碱,郑商所,30m,30分钟,ok,False,False,True,2026-03-27 22:00:00,2026-08-03 23:00:00,2026-03-27 22:00:00,2026-07-31 23:00:00,1011,62,63,25,0,0,0,0
SH0,烧碱,郑商所,60m,60分钟,ok,True,True,True,2025-11-17 23:00:00,2026-08-03 23:00:00,2026-01-05 10:00:00,2026-07-31 23:00:00,826,45,44,24,1,1,1,1
SH0,烧碱,郑商所,90m,90分钟,ok,True,True,True,2025-07-14 10:00:00,2026-08-04 10:00:00,2026-01-05 10:00:00,2026-07-31 22:30:00,552,34,35,17,0,0,0,0
SH0,烧碱,郑商所,daily,日线,ok,True,True,True,2023-09-15,2026-08-03,2026-01-05,2026-07-31,139,6,7,3,1,0,0,0
SI0,工业硅,广期所,120m,120分钟,ok,True,True,True,2024-06-25 15:00:00,2026-08-03 15:00:00,2026-01-05 11:15:00,2026-07-31 15:00:00,278,15,16,6,1,0,1,0
SI0,工业硅,广期所,30m,30分钟,ok,False,False,True,2026-01-21 10:00:00,2026-08-03 15:00:00,2026-01-21 10:00:00,2026-07-31 15:00:00,1015,57,58,35,2,1,0,0
SI0,工业硅,广期所,60m,60分钟,ok,True,True,True,2025-07-15 11:15:00,2026-08-03 15:00:00,2026-01-05 10:00:00,2026-07-31 15:00:00,556,39,40,24,0,0,0,0
SI0,工业硅,广期所,90m,90分钟,ok,True,True,True,2025-03-11 10:45:00,2026-08-03 15:00:00,2026-01-05 10:45:00,2026-07-31 15:00:00,417,24,25,14,1,0,1,0
SI0,工业硅,广期所,daily,日线,ok,True,True,True,2022-12-22,2026-08-03,2026-01-05,2026-07-31,139,11,12,4,0,0,0,0
SM0,锰硅,郑商所,120m,120分钟,ok,True,True,True,2024-06-25 15:00:00,2026-08-03 15:00:00,2026-01-05 11:15:00,2026-07-31 15:00:00,278,16,17,9,0,0,0,0
SM0,锰硅,郑商所,30m,30分钟,ok,False,False,True,2026-01-21 10:00:00,2026-08-03 15:00:00,2026-01-21 10:00:00,2026-07-31 15:00:00,1015,64,66,34,0,0,0,0
SM0,锰硅,郑商所,60m,60分钟,ok,True,True,True,2025-07-15 11:15:00,2026-08-03 15:00:00,2026-01-05 10:00:00,2026-07-31 15:00:00,556,36,37,18,0,0,0,0
SM0,锰硅,郑商所,90m,90分钟,ok,True,True,True,2025-03-11 10:45:00,2026-08-03 15:00:00,2026-01-05 10:45:00,2026-07-31 15:00:00,417,28,29,17,0,1,0,0
SM0,锰硅,郑商所,daily,日线,ok,True,True,True,2014-08-12,2026-08-03,2026-01-05,2026-07-31,139,6,7,3,0,0,0,0
SN0,沪锡,上期所,120m,120分钟,ok,True,True,True,2025-07-29 11:15:00,2026-08-03 23:00:00,2026-01-05 11:15:00,2026-07-31 23:00:00,573,31,30,8,2,2,1,0
SN0,沪锡,上期所,30m,30分钟,ok,False,False,True,2026-04-29 00:30:00,2026-08-03 23:00:00,2026-04-29 00:30:00,2026-07-31 23:30:00,1008,57,57,22,1,1,1,0
SN0,沪锡,上期所,60m,60分钟,ok,False,False,True,2026-01-19 10:00:00,2026-08-03 23:00:00,2026-01-19 10:00:00,2026-07-31 23:00:00,1015,57,57,22,2,1,1,0
SN0,沪锡,上期所,90m,90分钟,ok,True,True,True,2025-11-25 00:00:00,2026-08-04 00:00:00,2026-01-05 09:30:00,2026-07-31 22:30:00,849,52,51,20,2,3,0,0
SN0,沪锡,上期所,daily,日线,ok,True,True,True,2015-03-27,2026-08-03,2026-01-05,2026-07-31,139,9,8,4,0,0,0,0
SP0,纸浆,上期所,120m,120分钟,ok,True,True,True,2025-03-06 11:15:00,2026-08-03 23:00:00,2026-01-05 11:15:00,2026-07-31 23:00:00,413,27,27,16,0,0,0,0
SP0,纸浆,上期所,30m,30分钟,ok,False,False,True,2026-03-27 22:00:00,2026-08-03 23:00:00,2026-03-27 22:00:00,2026-07-31 23:00:00,1011,51,51,22,3,1,0,0
SP0,纸浆,上期所,60m,60分钟,ok,True,True,True,2025-11-17 23:00:00,2026-08-03 23:00:00,2026-01-05 10:00:00,2026-07-31 23:00:00,826,51,51,23,0,0,0,0
SP0,纸浆,上期所,90m,90分钟,ok,True,True,True,2025-07-14 10:00:00,2026-08-04 10:00:00,2026-01-05 10:00:00,2026-07-31 22:30:00,552,32,33,15,0,2,0,1
SP0,纸浆,上期所,daily,日线,ok,True,True,True,2018-11-27,2026-08-03,2026-01-05,2026-07-31,139,13,13,9,0,0,0,0
SR0,白糖,郑商所,120m,120分钟,ok,True,True,True,2025-03-06 11:15:00,2026-08-03 23:00:00,2026-01-05 11:15:00,2026-07-31 23:00:00,413,27,28,12,0,0,0,0
SR0,白糖,郑商所,30m,30分钟,ok,False,False,True,2026-03-27 22:00:00,2026-08-03 23:00:00,2026-03-27 22:00:00,2026-07-31 23:00:00,1011,63,63,38,0,0,0,0
SR0,白糖,郑商所,60m,60分钟,ok,True,True,True,2025-11-17 23:00:00,2026-08-03 23:00:00,2026-01-05 10:00:00,2026-07-31 23:00:00,826,52,52,24,1,1,1,0
SR0,白糖,郑商所,90m,90分钟,ok,True,True,True,2025-07-14 10:00:00,2026-08-04 10:00:00,2026-01-05 10:00:00,2026-07-31 22:30:00,552,41,41,21,1,1,1,0
SR0,白糖,郑商所,daily,日线,ok,True,True,True,2006-01-12,2026-08-03,2026-01-05,2026-07-31,139,6,7,3,0,1,0,1
SS0,不锈钢,上期所,120m,120分钟,ok,True,True,True,2025-07-29 01:00:00,2026-08-03 23:00:00,2026-01-05 11:15:00,2026-07-31 23:00:00,573,37,37,17,0,1,0,0
SS0,不锈钢,上期所,30m,30分钟,ok,False,False,True,2026-04-29 00:30:00,2026-08-03 23:00:00,2026-04-29 00:30:00,2026-07-31 23:30:00,1008,58,58,27,2,0,1,0
SS0,不锈钢,上期所,60m,60分钟,ok,False,False,True,2026-01-19 11:15:00,2026-08-03 23:00:00,2026-01-19 11:15:00,2026-07-31 23:00:00,1015,62,62,25,1,0,0,0
SS0,不锈钢,上期所,90m,90分钟,ok,True,True,True,2025-11-25 00:00:00,2026-08-04 00:00:00,2026-01-05 09:30:00,2026-07-31 22:30:00,849,54,54,23,1,0,0,0
SS0,不锈钢,上期所,daily,日线,ok,True,True,True,2019-09-25,2026-08-03,2026-01-05,2026-07-31,139,9,9,3,0,0,0,0
T0,10年期国债,中金所,120m,120分钟,ok,True,True,True,2025-03-11 11:30:00,2026-08-03 15:15:00,2026-01-05 11:30:00,2026-07-31 15:15:00,417,23,21,5,1,1,0,0
T0,10年期国债,中金所,30m,30分钟,ok,False,False,True,2026-02-10 11:30:00,2026-08-03 15:15:00,2026-02-10 11:30:00,2026-07-31 15:15:00,1014,61,61,23,1,1,1,0
T0,10年期国债,中金所,60m,60分钟,ok,True,True,True,2025-09-24 14:00:00,2026-08-03 15:15:00,2026-01-05 10:30:00,2026-07-31 15:15:00,695,39,38,19,0,1,0,0
T0,10年期国债,中金所,90m,90分钟,ok,True,True,True,2025-03-11 11:00:00,2026-08-03 15:15:00,2026-01-05 11:00:00,2026-07-31 15:15:00,417,26,25,12,1,0,0,0
T0,10年期国债,中金所,daily,日线,ok,True,True,True,2017-01-17,2026-08-03,2026-01-05,2026-07-31,139,7,6,2,0,0,0,0
TA0,PTA,郑商所,120m,120分钟,ok,True,True,True,2025-03-06 11:15:00,2026-08-03 23:00:00,2026-01-05 11:15:00,2026-07-31 23:00:00,413,28,27,13,1,0,0,0
TA0,PTA,郑商所,30m,30分钟,ok,False,False,True,2026-03-27 22:00:00,2026-08-03 23:00:00,2026-03-27 22:00:00,2026-07-31 23:00:00,1011,53,52,24,1,1,1,0
TA0,PTA,郑商所,60m,60分钟,ok,True,True,True,2025-11-17 23:00:00,2026-08-03 23:00:00,2026-01-05 10:00:00,2026-07-31 23:00:00,826,56,55,25,1,2,0,1
TA0,PTA,郑商所,90m,90分钟,ok,True,True,True,2025-07-14 10:00:00,2026-08-04 10:00:00,2026-01-05 10:00:00,2026-07-31 22:30:00,552,46,45,27,2,2,0,2
TA0,PTA,郑商所,daily,日线,ok,True,True,True,2006-12-19,2026-08-03,2026-01-05,2026-07-31,139,15,15,10,0,0,0,0
TF0,5年期国债,中金所,120m,120分钟,ok,True,True,True,2025-03-11 11:30:00,2026-08-03 15:15:00,2026-01-05 11:30:00,2026-07-31 15:15:00,417,23,22,8,0,0,0,0
TF0,5年期国债,中金所,30m,30分钟,ok,False,False,True,2026-02-10 11:30:00,2026-08-03 15:15:00,2026-02-10 11:30:00,2026-07-31 15:15:00,1014,66,66,35,0,1,0,0
TF0,5年期国债,中金所,60m,60分钟,ok,True,True,True,2025-09-24 14:00:00,2026-08-03 15:15:00,2026-01-05 10:30:00,2026-07-31 15:15:00,695,39,38,17,0,2,0,0
TF0,5年期国债,中金所,90m,90分钟,ok,True,True,True,2025-03-11 11:00:00,2026-08-03 15:15:00,2026-01-05 11:00:00,2026-07-31 15:15:00,417,22,21,8,0,0,0,0
TF0,5年期国债,中金所,daily,日线,ok,True,True,True,2017-01-17,2026-08-03,2026-01-05,2026-07-31,139,12,11,5,0,0,0,0
TL0,30年期国债,中金所,120m,120分钟,ok,True,True,True,2025-03-11 11:30:00,2026-08-03 15:15:00,2026-01-05 11:30:00,2026-07-31 15:15:00,417,22,21,7,1,0,1,0
TL0,30年期国债,中金所,30m,30分钟,ok,False,False,True,2026-02-10 11:30:00,2026-08-03 15:15:00,2026-02-10 11:30:00,2026-07-31 15:15:00,1014,45,46,19,0,0,0,0
TL0,30年期国债,中金所,60m,60分钟,ok,True,True,True,2025-09-24 14:00:00,2026-08-03 15:15:00,2026-01-05 10:30:00,2026-07-31 15:15:00,695,38,37,16,1,0,1,0
TL0,30年期国债,中金所,90m,90分钟,ok,True,True,True,2025-03-11 11:00:00,2026-08-03 15:15:00,2026-01-05 11:00:00,2026-07-31 15:15:00,417,24,23,8,1,0,1,0
TL0,30年期国债,中金所,daily,日线,ok,True,True,True,2023-04-21,2026-08-03,2026-01-05,2026-07-31,139,12,11,5,0,0,0,0
TS0,2年期国债,中金所,120m,120分钟,ok,True,True,True,2025-03-11 11:30:00,2026-08-03 15:15:00,2026-01-05 11:30:00,2026-07-31 15:15:00,417,20,19,7,0,0,0,0
TS0,2年期国债,中金所,30m,30分钟,ok,False,False,True,2026-02-10 11:30:00,2026-08-03 15:15:00,2026-02-10 11:30:00,2026-07-31 15:15:00,1014,69,67,34,0,1,0,0
TS0,2年期国债,中金所,60m,60分钟,ok,True,True,True,2025-09-24 14:00:00,2026-08-03 15:15:00,2026-01-05 10:30:00,2026-07-31 15:15:00,695,38,37,17,1,0,0,0
TS0,2年期国债,中金所,90m,90分钟,ok,True,True,True,2025-03-11 11:00:00,2026-08-03 15:15:00,2026-01-05 11:00:00,2026-07-31 15:15:00,417,21,20,10,0,0,0,0
TS0,2年期国债,中金所,daily,日线,ok,True,True,True,2018-08-17,2026-08-03,2026-01-05,2026-07-31,139,13,12,5,0,0,0,0
UR0,尿素,郑商所,120m,120分钟,ok,True,True,True,2024-06-25 15:00:00,2026-08-03 15:00:00,2026-01-05 11:15:00,2026-07-31 15:00:00,278,20,21,11,0,1,0,0
UR0,尿素,郑商所,30m,30分钟,ok,False,False,True,2026-01-21 10:00:00,2026-08-03 15:00:00,2026-01-21 10:00:00,2026-07-31 15:00:00,1015,55,54,30,3,1,0,1
UR0,尿素,郑商所,60m,60分钟,ok,True,True,True,2025-07-15 11:15:00,2026-08-03 15:00:00,2026-01-05 10:00:00,2026-07-31 15:00:00,556,29,29,12,0,0,0,0
UR0,尿素,郑商所,90m,90分钟,ok,True,True,True,2025-03-11 10:45:00,2026-08-03 15:00:00,2026-01-05 10:45:00,2026-07-31 15:00:00,417,22,23,11,0,1,0,0
UR0,尿素,郑商所,daily,日线,ok,True,True,True,2019-08-09,2026-08-03,2026-01-05,2026-07-31,139,8,8,4,1,0,0,0
V0,PVC,大商所,120m,120分钟,ok,True,True,True,2025-03-06 11:15:00,2026-08-03 23:00:00,2026-01-05 11:15:00,2026-07-31 23:00:00,413,19,20,9,0,1,0,0
V0,PVC,大商所,30m,30分钟,ok,False,False,True,2026-03-27 22:00:00,2026-08-03 23:00:00,2026-03-27 22:00:00,2026-07-31 23:00:00,1011,60,59,30,1,5,0,1
V0,PVC,大商所,60m,60分钟,ok,True,True,True,2025-11-17 23:00:00,2026-08-03 23:00:00,2026-01-05 10:00:00,2026-07-31 23:00:00,826,55,55,30,1,0,1,0
V0,PVC,大商所,90m,90分钟,ok,True,True,True,2025-07-14 10:00:00,2026-08-04 10:00:00,2026-01-05 10:00:00,2026-07-31 22:30:00,552,31,32,15,0,0,0,0
V0,PVC,大商所,daily,日线,ok,True,True,True,2009-05-25,2026-08-03,2026-01-05,2026-07-31,139,8,9,4,0,0,0,0
WR0,线材,上期所,120m,120分钟,ok,False,True,False,2023-06-28 15:00:00,2026-04-22 15:00:00,2026-01-22 15:00:00,2026-04-22 15:00:00,19,1,2,1,0,0,0,0
WR0,线材,上期所,30m,30分钟,ok,False,True,False,2024-12-23 11:15:00,2026-04-22 14:45:00,2026-01-22 13:45:00,2026-04-22 14:45:00,44,3,4,3,0,0,0,0
WR0,线材,上期所,60m,60分钟,ok,False,True,False,2024-06-28 15:00:00,2026-04-22 14:15:00,2026-01-22 14:15:00,2026-04-22 14:15:00,27,2,3,2,0,0,0,0
WR0,线材,上期所,90m,90分钟,ok,False,True,False,2024-03-01 10:45:00,2026-04-22 14:15:00,2026-01-22 14:15:00,2026-04-22 14:15:00,24,1,2,1,0,0,0,0
WR0,线材,上期所,daily,日线,ok,False,True,False,2009-03-27,2026-04-22,2026-01-22,2026-04-22,15,1,2,1,0,0,0,0
Y0,豆油,大商所,120m,120分钟,ok,True,True,True,2025-03-06 11:15:00,2026-08-03 23:00:00,2026-01-05 11:15:00,2026-07-31 23:00:00,413,29,30,14,0,0,0,0
Y0,豆油,大商所,30m,30分钟,ok,False,False,True,2026-03-27 22:00:00,2026-08-03 23:00:00,2026-03-27 22:00:00,2026-07-31 23:00:00,1011,53,53,26,2,2,1,0
Y0,豆油,大商所,60m,60分钟,ok,True,True,True,2025-11-17 23:00:00,2026-08-03 23:00:00,2026-01-05 10:00:00,2026-07-31 23:00:00,826,55,54,28,0,1,0,0
Y0,豆油,大商所,90m,90分钟,ok,True,True,True,2025-07-14 10:00:00,2026-08-04 10:00:00,2026-01-05 10:00:00,2026-07-31 22:30:00,552,41,43,20,0,1,0,0
Y0,豆油,大商所,daily,日线,ok,True,True,True,2006-01-09,2026-08-03,2026-01-05,2026-07-31,139,10,10,5,0,0,0,0
ZN0,沪锌,上期所,120m,120分钟,ok,True,True,True,2025-07-30 15:00:00,2026-08-03 23:00:00,2026-01-05 11:15:00,2026-07-31 23:00:00,577,38,38,18,1,1,1,0
ZN0,沪锌,上期所,30m,30分钟,ok,False,False,True,2026-04-29 01:00:00,2026-08-03 23:00:00,2026-04-29 01:00:00,2026-07-31 23:30:00,1008,52,50,25,2,0,1,0
ZN0,沪锌,上期所,60m,60分钟,ok,False,False,True,2026-01-19 23:00:00,2026-08-03 23:00:00,2026-01-19 23:00:00,2026-07-31 23:00:00,1015,65,66,32,1,2,0,1
ZN0,沪锌,上期所,90m,90分钟,ok,True,True,True,2025-11-25 00:00:00,2026-08-04 00:00:00,2026-01-05 09:30:00,2026-07-31 22:30:00,849,52,52,23,0,3,0,2
ZN0,沪锌,上期所,daily,日线,ok,True,True,True,2007-03-26,2026-08-03,2026-01-05,2026-07-31,139,9,9,5,0,1,0,0
